"Name","PackageFullName"
"1527c705-839a-4832-9118-54d4Bd6a0c89","1527c705-839a-4832-9118-54d4Bd6a0c89_10.0.19041.4239_neutral_neutral_cw5n1h2txyewy"
"23169VirtualLife.RemoteArduinoMonitor","23169VirtualLife.RemoteArduinoMonitor_1.1.14.0_x64__3xx1b4xk0cfhw"
"30067IrfanSkiljanIrfanVie.IrfanView","30067IrfanSkiljanIrfanVie.IrfanView_4.7.2.0_x86__psgec73n2n7ne"
"3AMDEVS.33879BEC33732","3AMDEVS.33879BEC33732_1.1.61.0_x64__jr3s79tfen06m"
"50072StevenMayall.MusicBee","50072StevenMayall.MusicBee_3.5.8447.0_x86__kcr266et74avj"
"64815ZMobileApps.VideoCompressorResizeCompressVide","64815ZMobileApps.VideoCompressorResizeCompressVide_1.0.14.0_x64__y5q3202s7vj2w"
"9426MICRO-STARINTERNATION.MSICenter","9426MICRO-STARINTERNATION.MSICenter_2.0.42.0_x64__kzh8wxbdkxb8p"
"c5e2524a-ea46-4f67-841f-6a9465d9d515","c5e2524a-ea46-4f67-841f-6a9465d9d515_10.0.19041.4239_neutral_neutral_cw5n1h2txyewy"
"Clipchamp.Clipchamp","Clipchamp.Clipchamp_4.3.10120.0_x64__yxz26nhyzhsrt"
"E2A4F912-2574-4A75-9BB0-0D023378592B","E2A4F912-2574-4A75-9BB0-0D023378592B_10.0.19041.4239_neutral_neutral_cw5n1h2txyewy"
"F46D4000-FD22-4DB4-AC8E-4E1DDDE828FE","F46D4000-FD22-4DB4-AC8E-4E1DDDE828FE_10.0.19041.4239_neutral_neutral_cw5n1h2txyewy"
"LGElectronics.LGMonitorApp","LGElectronics.LGMonitorApp_1.2405.3001.0_x86__cfnzzhwkr8z5w"
"Microsoft.AAD.BrokerPlugin","Microsoft.AAD.BrokerPlugin_1000.19041.4239.0_neutral_neutral_cw5n1h2txyewy"
"Microsoft.AccountsControl","Microsoft.AccountsControl_10.0.19041.4239_neutral__cw5n1h2txyewy"
"Microsoft.Advertising.Xaml","Microsoft.Advertising.Xaml_10.1811.1.0_x64__8wekyb3d8bbwe"
"Microsoft.Advertising.Xaml","Microsoft.Advertising.Xaml_10.1811.1.0_x86__8wekyb3d8bbwe"
"Microsoft.AsyncTextService","Microsoft.AsyncTextService_10.0.19041.4239_neutral__8wekyb3d8bbwe"
"Microsoft.AV1VideoExtension","Microsoft.AV1VideoExtension_1.3.20.0_x64__8wekyb3d8bbwe"
"Microsoft.BingWeather","Microsoft.BingWeather_4.54.63007.0_x64__8wekyb3d8bbwe"
"Microsoft.BioEnrollment","Microsoft.BioEnrollment_10.0.19041.4239_neutral__cw5n1h2txyewy"
"Microsoft.CommandPalette","Microsoft.CommandPalette_0.1.1.0_x64__8wekyb3d8bbwe"
"Microsoft.CredDialogHost","Microsoft.CredDialogHost_10.0.19041.4239_neutral__cw5n1h2txyewy"
"Microsoft.DesktopAppInstaller","Microsoft.DesktopAppInstaller_1.27.460.0_x64__8wekyb3d8bbwe"
"Microsoft.DirectXRuntime","Microsoft.DirectXRuntime_9.29.1974.0_x64__8wekyb3d8bbwe"
"Microsoft.DirectXRuntime","Microsoft.DirectXRuntime_9.29.1974.0_x86__8wekyb3d8bbwe"
"Microsoft.ECApp","Microsoft.ECApp_10.0.19041.4597_neutral__8wekyb3d8bbwe"
"Microsoft.GamingApp","Microsoft.GamingApp_2512.1001.34.0_x64__8wekyb3d8bbwe"
"Microsoft.GamingServices","Microsoft.GamingServices_33.108.12001.0_x64__8wekyb3d8bbwe"
"Microsoft.GetHelp","Microsoft.GetHelp_10.2409.32612.0_x64__8wekyb3d8bbwe"
"Microsoft.Getstarted","Microsoft.Getstarted_10.2312.1.0_x64__8wekyb3d8bbwe"
"Microsoft.HEIFImageExtension","Microsoft.HEIFImageExtension_1.2.23.0_x64__8wekyb3d8bbwe"
"Microsoft.LockApp","Microsoft.LockApp_10.0.19041.4239_neutral__cw5n1h2txyewy"
"Microsoft.Microsoft3DViewer","Microsoft.Microsoft3DViewer_7.2407.16012.0_x64__8wekyb3d8bbwe"
"Microsoft.MicrosoftEdge.Stable","Microsoft.MicrosoftEdge.Stable_140.0.3485.66_neutral__8wekyb3d8bbwe"
"Microsoft.MicrosoftEdgeDevToolsClient","Microsoft.MicrosoftEdgeDevToolsClient_1000.19041.4239.0_neutral_neutral_8wekyb3d8bbwe"
"Microsoft.MicrosoftSolitaireCollection","Microsoft.MicrosoftSolitaireCollection_4.21.12110.0_x64__8wekyb3d8bbwe"
"Microsoft.MicrosoftStickyNotes","Microsoft.MicrosoftStickyNotes_6.1.4.0_x64__8wekyb3d8bbwe"
"Microsoft.MixedReality.Portal","Microsoft.MixedReality.Portal_2000.21051.1282.0_x64__8wekyb3d8bbwe"
"Microsoft.MSPaint","Microsoft.MSPaint_6.2410.13017.0_x64__8wekyb3d8bbwe"
"Microsoft.NET.Native.Framework.1.7","Microsoft.NET.Native.Framework.1.7_1.7.27413.0_x86__8wekyb3d8bbwe"
"Microsoft.NET.Native.Framework.1.7","Microsoft.NET.Native.Framework.1.7_1.7.27413.0_x64__8wekyb3d8bbwe"
"Microsoft.NET.Native.Framework.2.2","Microsoft.NET.Native.Framework.2.2_2.2.29512.0_x64__8wekyb3d8bbwe"
"Microsoft.NET.Native.Framework.2.2","Microsoft.NET.Native.Framework.2.2_2.2.29512.0_x86__8wekyb3d8bbwe"
"Microsoft.NET.Native.Runtime.1.7","Microsoft.NET.Native.Runtime.1.7_1.7.27422.0_x86__8wekyb3d8bbwe"
"Microsoft.NET.Native.Runtime.1.7","Microsoft.NET.Native.Runtime.1.7_1.7.27422.0_x64__8wekyb3d8bbwe"
"Microsoft.NET.Native.Runtime.2.2","Microsoft.NET.Native.Runtime.2.2_2.2.28604.0_x86__8wekyb3d8bbwe"
"Microsoft.NET.Native.Runtime.2.2","Microsoft.NET.Native.Runtime.2.2_2.2.28604.0_x64__8wekyb3d8bbwe"
"Microsoft.Office.OneNote","Microsoft.Office.OneNote_16001.14326.22094.0_x64__8wekyb3d8bbwe"
"Microsoft.OutlookForWindows","Microsoft.OutlookForWindows_1.2026.120.300_x64__8wekyb3d8bbwe"
"Microsoft.People","Microsoft.People_10.2202.100.0_x64__8wekyb3d8bbwe"
"Microsoft.PhotosLegacy","Microsoft.PhotosLegacy_2024.11090.26001.0_x64__8wekyb3d8bbwe"
"Microsoft.ScreenSketch","Microsoft.ScreenSketch_10.2008.3001.0_x64__8wekyb3d8bbwe"
"Microsoft.StorePurchaseApp","Microsoft.StorePurchaseApp_22508.1401.3.0_x64__8wekyb3d8bbwe"
"Microsoft.UI.Xaml.2.0","Microsoft.UI.Xaml.2.0_2.1810.18004.0_x86__8wekyb3d8bbwe"
"Microsoft.UI.Xaml.2.0","Microsoft.UI.Xaml.2.0_2.1810.18004.0_x64__8wekyb3d8bbwe"
"Microsoft.UI.Xaml.2.3","Microsoft.UI.Xaml.2.3_2.32002.13001.0_x64__8wekyb3d8bbwe"
"Microsoft.UI.Xaml.2.3","Microsoft.UI.Xaml.2.3_2.32002.13001.0_x86__8wekyb3d8bbwe"
"Microsoft.UI.Xaml.2.4","Microsoft.UI.Xaml.2.4_2.42007.9001.0_x64__8wekyb3d8bbwe"
"Microsoft.UI.Xaml.2.4","Microsoft.UI.Xaml.2.4_2.42007.9001.0_x86__8wekyb3d8bbwe"
"Microsoft.UI.Xaml.2.7","Microsoft.UI.Xaml.2.7_7.2409.9001.0_x64__8wekyb3d8bbwe"
"Microsoft.UI.Xaml.2.7","Microsoft.UI.Xaml.2.7_7.2409.9001.0_x86__8wekyb3d8bbwe"
"Microsoft.UI.Xaml.2.8","Microsoft.UI.Xaml.2.8_8.2501.31001.0_x86__8wekyb3d8bbwe"
"Microsoft.UI.Xaml.2.8","Microsoft.UI.Xaml.2.8_8.2501.31001.0_x64__8wekyb3d8bbwe"
"Microsoft.VCLibs.110.00.UWPDesktop","Microsoft.VCLibs.110.00.UWPDesktop_11.0.61135.0_x86__8wekyb3d8bbwe"
"Microsoft.VCLibs.110.00.UWPDesktop","Microsoft.VCLibs.110.00.UWPDesktop_11.0.61135.0_x64__8wekyb3d8bbwe"
"Microsoft.VCLibs.120.00","Microsoft.VCLibs.120.00_12.0.21005.1_x86__8wekyb3d8bbwe"
"Microsoft.VCLibs.120.00","Microsoft.VCLibs.120.00_12.0.21005.1_x64__8wekyb3d8bbwe"
"Microsoft.VCLibs.120.00.UWPDesktop","Microsoft.VCLibs.120.00.UWPDesktop_12.0.40653.0_x64__8wekyb3d8bbwe"
"Microsoft.VCLibs.120.00.UWPDesktop","Microsoft.VCLibs.120.00.UWPDesktop_12.0.40653.0_x86__8wekyb3d8bbwe"
"Microsoft.VCLibs.140.00","Microsoft.VCLibs.140.00_14.0.33519.0_x64__8wekyb3d8bbwe"
"Microsoft.VCLibs.140.00","Microsoft.VCLibs.140.00_14.0.33519.0_x86__8wekyb3d8bbwe"
"Microsoft.VCLibs.140.00","Microsoft.VCLibs.140.00_14.0.27323.0_x64__8wekyb3d8bbwe"
"Microsoft.VCLibs.140.00.UWPDesktop","Microsoft.VCLibs.140.00.UWPDesktop_14.0.33728.0_x64__8wekyb3d8bbwe"
"Microsoft.VCLibs.140.00.UWPDesktop","Microsoft.VCLibs.140.00.UWPDesktop_14.0.33728.0_x86__8wekyb3d8bbwe"
"Microsoft.VP9VideoExtensions","Microsoft.VP9VideoExtensions_1.2.6.0_x64__8wekyb3d8bbwe"
"Microsoft.Wallet","Microsoft.Wallet_2.4.18324.0_x64__8wekyb3d8bbwe"
"Microsoft.WebMediaExtensions","Microsoft.WebMediaExtensions_1.2.14.0_x64__8wekyb3d8bbwe"
"Microsoft.WebpImageExtension","Microsoft.WebpImageExtension_1.2.10.0_x64__8wekyb3d8bbwe"
"Microsoft.Win32WebViewHost","Microsoft.Win32WebViewHost_10.0.19041.4239_neutral_neutral_cw5n1h2txyewy"
"Microsoft.Windows.Apprep.ChxApp","Microsoft.Windows.Apprep.ChxApp_1000.19041.4239.0_neutral_neutral_cw5n1h2txyewy"
"Microsoft.Windows.AssignedAccessLockApp","Microsoft.Windows.AssignedAccessLockApp_1000.19041.4239.0_neutral_neutral_cw5n1h2txyewy"
"Microsoft.Windows.CallingShellApp","Microsoft.Windows.CallingShellApp_1000.19041.4239.0_neutral_neutral_cw5n1h2txyewy"
"Microsoft.Windows.CapturePicker","Microsoft.Windows.CapturePicker_10.0.19041.4239_neutral__cw5n1h2txyewy"
"Microsoft.Windows.CloudExperienceHost","Microsoft.Windows.CloudExperienceHost_10.0.19041.5198_neutral_neutral_cw5n1h2txyewy"
"Microsoft.Windows.ContentDeliveryManager","Microsoft.Windows.ContentDeliveryManager_10.0.19041.4239_neutral_neutral_cw5n1h2txyewy"
"Microsoft.Windows.DevHome","Microsoft.Windows.DevHome_0.2100.858.0_x64__8wekyb3d8bbwe"
"Microsoft.Windows.NarratorQuickStart","Microsoft.Windows.NarratorQuickStart_10.0.19041.4239_neutral_neutral_8wekyb3d8bbwe"
"Microsoft.Windows.OOBENetworkCaptivePortal","Microsoft.Windows.OOBENetworkCaptivePortal_10.0.19041.4239_neutral__cw5n1h2txyewy"
"Microsoft.Windows.OOBENetworkConnectionFlow","Microsoft.Windows.OOBENetworkConnectionFlow_10.0.19041.4239_neutral__cw5n1h2txyewy"
"Microsoft.Windows.ParentalControls","Microsoft.Windows.ParentalControls_1000.19041.4239.0_neutral_neutral_cw5n1h2txyewy"
"Microsoft.Windows.PeopleExperienceHost","Microsoft.Windows.PeopleExperienceHost_10.0.19041.4239_neutral_neutral_cw5n1h2txyewy"
"Microsoft.Windows.Photos","Microsoft.Windows.Photos_2025.11080.28001.0_x64__8wekyb3d8bbwe"
"Microsoft.Windows.PinningConfirmationDialog","Microsoft.Windows.PinningConfirmationDialog_1000.19041.4239.0_neutral__cw5n1h2txyewy"
"Microsoft.Windows.Search","Microsoft.Windows.Search_1.14.17.19041_neutral_neutral_cw5n1h2txyewy"
"Microsoft.Windows.SecHealthUI","Microsoft.Windows.SecHealthUI_10.0.19041.4239_neutral__cw5n1h2txyewy"
"Microsoft.Windows.SecureAssessmentBrowser","Microsoft.Windows.SecureAssessmentBrowser_10.0.19041.4239_neutral_neutral_cw5n1h2txyewy"
"Microsoft.Windows.ShellExperienceHost","Microsoft.Windows.ShellExperienceHost_10.0.19041.5072_neutral_neutral_cw5n1h2txyewy"
"Microsoft.Windows.StartMenuExperienceHost","Microsoft.Windows.StartMenuExperienceHost_10.0.19041.5438_neutral_neutral_cw5n1h2txyewy"
"Microsoft.Windows.XGpuEjectDialog","Microsoft.Windows.XGpuEjectDialog_10.0.19041.4239_neutral_neutral_cw5n1h2txyewy"
"Microsoft.WindowsAlarms","Microsoft.WindowsAlarms_11.2411.2.0_x64__8wekyb3d8bbwe"
"Microsoft.WindowsAppRuntime.1.4","Microsoft.WindowsAppRuntime.1.4_4000.1309.2056.0_x86__8wekyb3d8bbwe"
"Microsoft.WindowsAppRuntime.1.4","Microsoft.WindowsAppRuntime.1.4_4000.1309.2056.0_x64__8wekyb3d8bbwe"
"Microsoft.WindowsAppRuntime.1.5","Microsoft.WindowsAppRuntime.1.5_5001.373.1736.0_x64__8wekyb3d8bbwe"
"Microsoft.WindowsAppRuntime.1.5","Microsoft.WindowsAppRuntime.1.5_5001.373.1736.0_x86__8wekyb3d8bbwe"
"Microsoft.WindowsAppRuntime.1.6","Microsoft.WindowsAppRuntime.1.6_6000.424.1611.0_x64__8wekyb3d8bbwe"
"Microsoft.WindowsAppRuntime.1.6","Microsoft.WindowsAppRuntime.1.6_6000.519.329.0_x64__8wekyb3d8bbwe"
"Microsoft.WindowsAppRuntime.1.6","Microsoft.WindowsAppRuntime.1.6_6000.401.2352.0_x64__8wekyb3d8bbwe"
"Microsoft.WindowsAppRuntime.1.6","Microsoft.WindowsAppRuntime.1.6_6000.457.2140.0_x64__8wekyb3d8bbwe"
"Microsoft.WindowsAppRuntime.1.6","Microsoft.WindowsAppRuntime.1.6_6000.486.517.0_x64__8wekyb3d8bbwe"
"Microsoft.WindowsAppRuntime.1.6","Microsoft.WindowsAppRuntime.1.6_6000.519.329.0_x86__8wekyb3d8bbwe"
"Microsoft.WindowsAppRuntime.1.7","Microsoft.WindowsAppRuntime.1.7_7000.617.2103.0_x64__8wekyb3d8bbwe"
"Microsoft.WindowsAppRuntime.1.7","Microsoft.WindowsAppRuntime.1.7_7000.522.1444.0_x64__8wekyb3d8bbwe"
"Microsoft.WindowsAppRuntime.1.7","Microsoft.WindowsAppRuntime.1.7_7000.617.2103.0_x86__8wekyb3d8bbwe"
"Microsoft.WindowsAppRuntime.1.8","Microsoft.WindowsAppRuntime.1.8_8000.731.1532.0_x64__8wekyb3d8bbwe"
"Microsoft.WindowsAppRuntime.1.8","Microsoft.WindowsAppRuntime.1.8_8000.731.1532.0_x86__8wekyb3d8bbwe"
"Microsoft.WindowsAppRuntime.1.8","Microsoft.WindowsAppRuntime.1.8_8000.675.1142.0_x64__8wekyb3d8bbwe"
"Microsoft.WindowsCalculator","Microsoft.WindowsCalculator_11.2411.1.0_x64__8wekyb3d8bbwe"
"Microsoft.WindowsCamera","Microsoft.WindowsCamera_2024.2408.1.0_x64__8wekyb3d8bbwe"
"microsoft.windowscommunicationsapps","microsoft.windowscommunicationsapps_16005.14326.22183.0_x64__8wekyb3d8bbwe"
"Microsoft.WindowsFeedbackHub","Microsoft.WindowsFeedbackHub_1.2411.17101.0_x64__8wekyb3d8bbwe"
"Microsoft.WindowsMaps","Microsoft.WindowsMaps_11.2411.7.0_x64__8wekyb3d8bbwe"
"Microsoft.WindowsSoundRecorder","Microsoft.WindowsSoundRecorder_10.2103.28.0_x64__8wekyb3d8bbwe"
"Microsoft.WindowsStore","Microsoft.WindowsStore_22508.1401.9.0_x64__8wekyb3d8bbwe"
"Microsoft.WindowsTerminal","Microsoft.WindowsTerminal_1.23.12811.0_x64__8wekyb3d8bbwe"
"Microsoft.Winget.Source","Microsoft.Winget.Source_2025.1110.1626.12_neutral__8wekyb3d8bbwe"
"Microsoft.Xbox.TCUI","Microsoft.Xbox.TCUI_1.24.10001.0_x64__8wekyb3d8bbwe"
"Microsoft.XboxApp","Microsoft.XboxApp_48.104.4001.0_x64__8wekyb3d8bbwe"
"Microsoft.XboxGameCallableUI","Microsoft.XboxGameCallableUI_1000.19041.4239.0_neutral_neutral_cw5n1h2txyewy"
"Microsoft.XboxGameOverlay","Microsoft.XboxGameOverlay_1.54.4001.0_x64__8wekyb3d8bbwe"
"Microsoft.XboxGamingOverlay","Microsoft.XboxGamingOverlay_7.325.11061.0_x64__8wekyb3d8bbwe"
"Microsoft.XboxIdentityProvider","Microsoft.XboxIdentityProvider_12.115.1001.0_x64__8wekyb3d8bbwe"
"Microsoft.XboxSpeechToTextOverlay","Microsoft.XboxSpeechToTextOverlay_1.21.13002.0_x64__8wekyb3d8bbwe"
"Microsoft.YourPhone","Microsoft.YourPhone_1.25072.79.0_x64__8wekyb3d8bbwe"
"Microsoft.ZuneMusic","Microsoft.ZuneMusic_11.2510.7.0_x64__8wekyb3d8bbwe"
"Microsoft.ZuneVideo","Microsoft.ZuneVideo_10.24111.10061.0_x64__8wekyb3d8bbwe"
"MicrosoftCorporationII.Windows365","MicrosoftCorporationII.Windows365_2.0.918.0_x64__8wekyb3d8bbwe"
"MicrosoftCorporationII.WindowsSubsystemForLinux","MicrosoftCorporationII.WindowsSubsystemForLinux_2.5.7.0_x64__8wekyb3d8bbwe"
"MicrosoftWindows.Client.CBS","MicrosoftWindows.Client.CBS_1000.19061.1000.0_x64__cw5n1h2txyewy"
"MicrosoftWindows.UndockedDevKit","MicrosoftWindows.UndockedDevKit_10.0.19041.4239_neutral_neutral_cw5n1h2txyewy"
"MSTeams","MSTeams_26032.206.4355.6508_x64__8wekyb3d8bbwe"
"NcsiUwpApp","NcsiUwpApp_1000.19041.4239.0_neutral_neutral_8wekyb3d8bbwe"
"NVIDIACorp.NVIDIAControlPanel","NVIDIACorp.NVIDIAControlPanel_8.1.968.0_x64__56jybvy8sckqj"
"Pictureflect.PictureflectPhotoViewer","Pictureflect.PictureflectPhotoViewer_3.24.0.0_x64__qv172dc55mvt2"
"TradingView.Desktop","TradingView.Desktop_2.11.0.7073_x64__n534cwy3pjxzj"
"VartikaSoftwarePrivateLim.VSPLZipPasswordRecovery","VartikaSoftwarePrivateLim.VSPLZipPasswordRecovery_2.0.0.0_neutral__e05h43p6ee69w"
"Windows.CBSPreview","Windows.CBSPreview_10.0.19041.4239_neutral_neutral_cw5n1h2txyewy"
"windows.immersivecontrolpanel","windows.immersivecontrolpanel_10.0.2.1000_neutral_neutral_cw5n1h2txyewy"
"Windows.PrintDialog","Windows.PrintDialog_6.2.1.0_neutral_neutral_cw5n1h2txyewy"
"WuhanBamiTechnologyCo.Ltd.ZIPPasswordRecoveryUWP","WuhanBamiTechnologyCo.Ltd.ZIPPasswordRecoveryUWP_1.0.38.0_x86__ffvv9wsshj32c"
